nev,fovaros,lakossag
Albánia,Tirana,2.8M
Andorra,Andorra la Vella,0.08M
Ausztria,Bécs,8.9M
Belgium,Brüsszel,11.7M
Bulgária,Szófia,6.8M
Csehország,Prága,10.5M
Dánia,Koppenhága,5.9M
Észtország,Tallinn,1.3M
Finnország,Helsinki,5.6M
Franciaország,Párizs,67.4M
Görögország,Athén,10.3M
Hollandia,Amszterdam,17.8M
Horvátország,Zágráb,3.9M
Írország,Dublin,5.1M
Lengyelország,Varsó,37.7M
Lettország,Riga,1.8M
Litvánia,Vilnius,2.7M
Luxemburg,Luxembourg,0.6M
Magyarország,Budapest,9.6M
Málta,Valletta,0.5M
Németország,Berlin,83.0M
Norvégia,Oslo,5.5M
Olaszország,Róma,59.0M
Portugália,Lisszabon,10.4M
Románia,Bukarest,19.0M
Spanyolország,Madrid,47.0M
Svájc,Bern,8.8M
Svédország,Stockholm,10.5M
Szlovákia,Pozsony,5.4M
Szlovénia,Ljubljana,2.1M
Ukrajna,Kijev,37.0M
Vatikán,Vatikánváros,0.001M